[
  {
    "title": "Electrician Needed for Office Renovation",
    "description": "We need an experienced electrician for complete electrical rewiring of our 3000 sq ft office space. Work includes panel board installation, LED lighting setup, and cable management. Must have experience with commercial projects.",
    "category": "electrical",
    "employerEmail": "hr@techsolutions.com",
    "location": {
      "address": "Infopark, Kakkanad",
      "city": "Kochi",
      "state": "Kerala",
      "pincode": "682042",
      "coordinates": [76.3464, 10.0164]
    },
    "salary": {
      "amount": 650,
      "type": "hourly"
    },
    "jobType": "contract",
    "duration": { "value": 2, "unit": "months" },
    "skills": ["Wiring", "Panel Board Installation", "Commercial Projects", "Cable Management"],
    "requirements": {
      "experience": 5,
      "education": "ITI or Diploma",
      "certifications": ["Electrical License"]
    },
    "status": "open",
    "startDate": "2026-02-01",
    "urgency": "high"
  },
  {
    "title": "Home Electrician for Villa Maintenance",
    "description": "Need reliable electrician for monthly maintenance of luxury villa. Work includes routine checks, minor repairs, and 24/7 emergency support.",
    "category": "electrical",
    "employerEmail": "info@greenhomes.com",
    "location": {
      "address": "Panampilly Nagar",
      "city": "Kochi",
      "state": "Kerala",
      "pincode": "682036",
      "coordinates": [76.2974, 9.9674]
    },
    "salary": {
      "amount": 25000,
      "type": "monthly"
    },
    "jobType": "full-time",
    "duration": { "value": 12, "unit": "months" },
    "skills": ["Home Electrical", "Maintenance", "Emergency Repairs"],
    "requirements": {
      "experience": 3
    },
    "status": "open",
    "startDate": "2026-02-10",
    "urgency": "medium"
  },
  {
    "title": "Industrial Electrician - Factory Setup",
    "description": "Large-scale industrial electrical installation for new manufacturing facility. High voltage systems, motor installations, and control panels.",
    "category": "electrical",
    "employerEmail": "hr@techsolutions.com",
    "location": {
      "address": "Edayar Industrial Area",
      "city": "Kochi",
      "state": "Kerala",
      "pincode": "682024",
      "coordinates": [76.3078, 10.0527]
    },
    "salary": {
      "amount": 800,
      "type": "hourly"
    },
    "jobType": "contract",
    "duration": { "value": 6, "unit": "months" },
    "skills": ["Industrial Electrical", "High Voltage", "Motor Installation", "PLC"],
    "requirements": {
      "experience": 8,
      "education": "Diploma/B.Tech",
      "certifications": ["Industrial Electrician License"]
    },
    "status": "open",
    "startDate": "2026-03-01",
    "urgency": "high"
  },
  {
    "title": "Plumber for New Residential Complex",
    "description": "Seeking skilled plumber for complete plumbing work in a new 12-unit residential complex. Includes bathroom fittings, kitchen plumbing, and drainage system installation.",
    "category": "plumbing",
    "employerEmail": "info@greenhomes.com",
    "location": {
      "address": "Vytilla",
      "city": "Kochi",
      "state": "Kerala",
      "pincode": "682019",
      "coordinates": [76.3251, 9.9658]
    },
    "salary": {
      "amount": 600,
      "type": "hourly"
    },
    "jobType": "contract",
    "duration": { "value": 3, "unit": "months" },
    "skills": ["Pipe Installation", "Bathroom Fitting", "Drainage Solutions"],
    "requirements": {
      "experience": 8
    },
    "status": "open",
    "startDate": "2026-02-15",
    "urgency": "medium"
  },
  {
    "title": "Emergency Plumber - On Call",
    "description": "24/7 on-call plumber needed for mall emergency repairs. Quick response time essential. Good pay for emergency services.",
    "category": "plumbing",
    "employerEmail": "facilities@citymall.com",
    "location": {
      "address": "Kowdiar",
      "city": "Thiruvananthapuram",
      "state": "Kerala",
      "pincode": "695003",
      "coordinates": [76.9875, 8.5241]
    },
    "salary": {
      "amount": 1200,
      "type": "daily"
    },
    "jobType": "contract",
    "duration": { "value": 12, "unit": "months" },
    "skills": ["Emergency Repairs", "Pipe Fixing", "Leak Detection"],
    "requirements": {
      "experience": 5
    },
    "status": "open",
    "startDate": "2026-02-05",
    "urgency": "high"
  },
  {
    "title": "Plumbing Supervisor for Construction Site",
    "description": "Experienced plumbing supervisor to oversee team of 10 plumbers on large residential project. Leadership skills required.",
    "category": "plumbing",
    "employerEmail": "info@greenhomes.com",
    "location": {
      "address": "Kakkanad",
      "city": "Kochi",
      "state": "Kerala",
      "pincode": "682030",
      "coordinates": [76.3417, 10.0104]
    },
    "salary": {
      "amount": 45000,
      "type": "monthly"
    },
    "jobType": "full-time",
    "duration": { "value": 8, "unit": "months" },
    "skills": ["Team Management", "Plumbing Systems", "Quality Control", "Blueprint Reading"],
    "requirements": {
      "experience": 12
    },
    "status": "open",
    "startDate": "2026-02-20",
    "urgency": "high"
  },
  {
    "title": "Carpenter for Custom Furniture",
    "description": "Need experienced carpenter to design and create custom furniture for our new showroom. Must be skilled in modern designs and quality finishing.",
    "category": "carpentry",
    "employerEmail": "info@greenhomes.com",
    "location": {
      "address": "Vytilla",
      "city": "Kochi",
      "state": "Kerala",
      "pincode": "682019",
      "coordinates": [76.3251, 9.9658]
    },
    "salary": {
      "amount": 550,
      "type": "hourly"
    },
    "jobType": "contract",
    "duration": { "value": 1, "unit": "months" },
    "skills": ["Furniture Making", "Custom Woodwork", "Wood Polishing"],
    "requirements": {
      "experience": 5
    },
    "status": "open",
    "startDate": "2026-02-10",
    "urgency": "medium"
  },
  {
    "title": "Modular Kitchen Installer",
    "description": "Install modular kitchen for 25 apartments. Must have experience with premium brands and precision fitting.",
    "category": "carpentry",
    "employerEmail": "info@greenhomes.com",
    "location": {
      "address": "Marine Drive",
      "city": "Kochi",
      "state": "Kerala",
      "pincode": "682031",
      "coordinates": [76.2673, 9.9731]
    },
    "salary": {
      "amount": 35000,
      "type": "fixed"
    },
    "jobType": "contract",
    "duration": { "value": 2, "unit": "months" },
    "skills": ["Modular Kitchen", "Fitting", "Hardware Installation"],
    "requirements": {
      "experience": 6
    },
    "status": "open",
    "startDate": "2026-02-25",
    "urgency": "medium"
  },
  {
    "title": "False Ceiling Carpenter",
    "description": "Skilled carpenter needed for false ceiling work in commercial building. Gypsum board and POP experience required.",
    "category": "carpentry",
    "employerEmail": "hr@techsolutions.com",
    "location": {
      "address": "Infopark",
      "city": "Kochi",
      "state": "Kerala",
      "pincode": "682042",
      "coordinates": [76.3464, 10.0164]
    },
    "salary": {
      "amount": 650,
      "type": "hourly"
    },
    "jobType": "contract",
    "duration": { "value": 1, "unit": "months" },
    "skills": ["False Ceiling", "Gypsum Work", "POP Work"],
    "requirements": {
      "experience": 4
    },
    "status": "open",
    "startDate": "2026-02-15",
    "urgency": "high"
  },
  {
    "title": "Furniture Restoration Expert",
    "description": "Restore antique and vintage furniture for hotel interiors. Must have expertise in wood restoration and polishing.",
    "category": "carpentry",
    "employerEmail": "facilities@citymall.com",
    "location": {
      "address": "Fort Area",
      "city": "Thiruvananthapuram",
      "state": "Kerala",
      "pincode": "695023",
      "coordinates": [76.9464, 8.4855]
    },
    "salary": {
      "amount": 700,
      "type": "hourly"
    },
    "jobType": "contract",
    "duration": { "value": 3, "unit": "months" },
    "skills": ["Furniture Restoration", "Wood Polishing", "Antique Repair"],
    "requirements": {
      "experience": 10
    },
    "status": "open",
    "startDate": "2026-03-01",
    "urgency": "low"
  },
  {
    "title": "Painter Required for Mall Maintenance",
    "description": "Regular maintenance painting work for large shopping mall. Includes interior walls, ceiling work, and touch-up jobs. Long-term opportunity.",
    "category": "painting",
    "employerEmail": "facilities@citymall.com",
    "location": {
      "address": "Kowdiar",
      "city": "Thiruvananthapuram",
      "state": "Kerala",
      "pincode": "695003",
      "coordinates": [76.9875, 8.5241]
    },
    "salary": {
      "amount": 500,
      "type": "hourly"
    },
    "jobType": "full-time",
    "duration": { "value": 12, "unit": "months" },
    "skills": ["Wall Painting", "Texture Work", "Commercial Projects"],
    "requirements": {
      "experience": 7
    },
    "status": "open",
    "startDate": "2026-03-01",
    "urgency": "low"
  },
  {
    "title": "Exterior Building Painter",
    "description": "Paint exterior of 15-story residential building. Height work experience mandatory. Safety equipment provided.",
    "category": "painting",
    "employerEmail": "info@greenhomes.com",
    "location": {
      "address": "Palarivattom",
      "city": "Kochi",
      "state": "Kerala",
      "pincode": "682025",
      "coordinates": [76.3050, 9.9981]
    },
    "salary": {
      "amount": 25000,
      "type": "fixed"
    },
    "jobType": "contract",
    "duration": { "value": 1, "unit": "months" },
    "skills": ["Exterior Painting", "Height Work", "Waterproofing"],
    "requirements": {
      "experience": 8
    },
    "status": "open",
    "startDate": "2026-02-10",
    "urgency": "medium"
  },
  {
    "title": "Texture & Decorative Painter",
    "description": "Create decorative textures and designs for luxury villa interiors. Artistic skills and portfolio required.",
    "category": "painting",
    "employerEmail": "info@greenhomes.com",
    "location": {
      "address": "Vennala",
      "city": "Kochi",
      "state": "Kerala",
      "pincode": "682028",
      "coordinates": [76.3272, 9.9827]
    },
    "salary": {
      "amount": 850,
      "type": "hourly"
    },
    "jobType": "contract",
    "duration": { "value": 2, "unit": "months" },
    "skills": ["Texture Painting", "Decorative Work", "Color Mixing", "Design"],
    "requirements": {
      "experience": 10
    },
    "status": "open",
    "startDate": "2026-02-20",
    "urgency": "low"
  },
  {
    "title": "Spray Painter for Industrial Units",
    "description": "Industrial spray painting work for machinery and equipment. Experience with spray guns and industrial coatings required.",
    "category": "painting",
    "employerEmail": "hr@techsolutions.com",
    "location": {
      "address": "Edayar",
      "city": "Kochi",
      "state": "Kerala",
      "pincode": "682024",
      "coordinates": [76.3078, 10.0527]
    },
    "salary": {
      "amount": 32000,
      "type": "monthly"
    },
    "jobType": "full-time",
    "duration": { "value": 12, "unit": "months" },
    "skills": ["Spray Painting", "Industrial Coating", "Safety Procedures"],
    "requirements": {
      "experience": 5
    },
    "status": "open",
    "startDate": "2026-03-01",
    "urgency": "high"
  },
  {
    "title": "AC Technician for Regular Maintenance",
    "description": "Need certified AC technician for regular maintenance of 50+ AC units in our office building. Includes cleaning, gas filling, and repairs.",
    "category": "electrical",
    "employerEmail": "hr@techsolutions.com",
    "location": {
      "address": "Infopark, Kakkanad",
      "city": "Kochi",
      "state": "Kerala",
      "pincode": "682042",
      "coordinates": [76.3464, 10.0164]
    },
    "salary": {
      "amount": 750,
      "type": "hourly"
    },
    "jobType": "contract",
    "duration": { "value": 6, "unit": "months" },
    "skills": ["AC Repair", "Maintenance", "Gas Filling"],
    "requirements": {
      "experience": 4,
      "certifications": ["AC Technician Certificate"]
    },
    "status": "open",
    "startDate": "2026-02-05",
    "urgency": "high"
  },
  {
    "title": "VRV/VRF AC Installation Expert",
    "description": "Install and commission VRV/VRF air conditioning systems for large commercial building. Advanced HVAC knowledge required.",
    "category": "electrical",
    "employerEmail": "facilities@citymall.com",
    "location": {
      "address": "Vazhuthacaud",
      "city": "Thiruvananthapuram",
      "state": "Kerala",
      "pincode": "695014",
      "coordinates": [76.9819, 8.5152]
    },
    "salary": {
      "amount": 55000,
      "type": "monthly"
    },
    "jobType": "contract",
    "duration": { "value": 4, "unit": "months" },
    "skills": ["VRV Systems", "HVAC", "Commissioning", "Ductwork"],
    "requirements": {
      "experience": 8,
      "certifications": ["HVAC Certification"]
    },
    "status": "open",
    "startDate": "2026-02-15",
    "urgency": "high"
  },
  {
    "title": "Mason for Foundation Work",
    "description": "Experienced mason needed for foundation and structural work of new commercial building. Must have experience with large-scale projects.",
    "category": "masonry",
    "employerEmail": "info@greenhomes.com",
    "location": {
      "address": "Vytilla",
      "city": "Kochi",
      "state": "Kerala",
      "pincode": "682019",
      "coordinates": [76.3251, 9.9658]
    },
    "salary": {
      "amount": 700,
      "type": "hourly"
    },
    "jobType": "contract",
    "duration": { "value": 4, "unit": "months" },
    "skills": ["Foundation Work", "Bricklaying", "Concrete Work"],
    "requirements": {
      "experience": 10
    },
    "status": "open",
    "startDate": "2026-02-20",
    "urgency": "high"
  },
  {
    "title": "Tile Mason for Premium Apartments",
    "description": "Skilled tile mason for laying imported tiles in 30 luxury apartments. Precision work with high-end materials.",
    "category": "masonry",
    "employerEmail": "info@greenhomes.com",
    "location": {
      "address": "Kadavanthra",
      "city": "Kochi",
      "state": "Kerala",
      "pincode": "682020",
      "coordinates": [76.2935, 9.9709]
    },
    "salary": {
      "amount": 800,
      "type": "hourly"
    },
    "jobType": "contract",
    "duration": { "value": 3, "unit": "months" },
    "skills": ["Tile Laying", "Marble Work", "Granite Fitting"],
    "requirements": {
      "experience": 7
    },
    "status": "open",
    "startDate": "2026-03-01",
    "urgency": "medium"
  },
  {
    "title": "Plastering & Finishing Mason",
    "description": "Expert in plastering and finishing work for residential villas. Smooth finish and attention to detail required.",
    "category": "masonry",
    "employerEmail": "info@greenhomes.com",
    "location": {
      "address": "Thrikkakara",
      "city": "Kochi",
      "state": "Kerala",
      "pincode": "682021",
      "coordinates": [76.3394, 10.0167]
    },
    "salary": {
      "amount": 650,
      "type": "hourly"
    },
    "jobType": "contract",
    "duration": { "value": 2, "unit": "months" },
    "skills": ["Plastering", "Finishing", "Wall Smoothing"],
    "requirements": {
      "experience": 6
    },
    "status": "open",
    "startDate": "2026-02-15",
    "urgency": "medium"
  },
  {
    "title": "Welder - Structural Steel Work",
    "description": "Certified welder for structural steel work in commercial building construction. Arc and MIG welding required.",
    "category": "welding",
    "employerEmail": "info@greenhomes.com",
    "location": {
      "address": "Edappally",
      "city": "Kochi",
      "state": "Kerala",
      "pincode": "682024",
      "coordinates": [76.3078, 10.0250]
    },
    "salary": {
      "amount": 750,
      "type": "hourly"
    },
    "jobType": "contract",
    "duration": { "value": 5, "unit": "months" },
    "skills": ["Arc Welding", "MIG Welding", "Structural Work", "Blueprint Reading"],
    "requirements": {
      "experience": 8,
      "certifications": ["Welding Certificate"]
    },
    "status": "open",
    "startDate": "2026-02-25",
    "urgency": "high"
  },
  {
    "title": "Fabrication Welder",
    "description": "Metal fabrication and welding for custom gates, railings, and decorative metalwork. Artistic welding skills preferred.",
    "category": "welding",
    "employerEmail": "hr@techsolutions.com",
    "location": {
      "address": "Kaloor",
      "city": "Kochi",
      "state": "Kerala",
      "pincode": "682017",
      "coordinates": [76.2933, 9.9850]
    },
    "salary": {
      "amount": 35000,
      "type": "monthly"
    },
    "jobType": "full-time",
    "duration": { "value": 12, "unit": "months" },
    "skills": ["Fabrication", "TIG Welding", "Metal Design", "Cutting"],
    "requirements": {
      "experience": 5
    },
    "status": "open",
    "startDate": "2026-03-05",
    "urgency": "low"
  },
  {
    "title": "Housekeeping Supervisor",
    "description": "Supervise housekeeping team of 20 staff for large shopping mall. Experience in commercial cleaning management essential.",
    "category": "cleaning",
    "employerEmail": "facilities@citymall.com",
    "location": {
      "address": "Kowdiar",
      "city": "Thiruvananthapuram",
      "state": "Kerala",
      "pincode": "695003",
      "coordinates": [76.9875, 8.5241]
    },
    "salary": {
      "amount": 28000,
      "type": "monthly"
    },
    "jobType": "full-time",
    "duration": { "value": 12, "unit": "months" },
    "skills": ["Team Management", "Cleaning", "Quality Control", "Inventory"],
    "requirements": {
      "experience": 5
    },
    "status": "open",
    "startDate": "2026-02-10",
    "urgency": "high"
  },
  {
    "title": "Office Cleaner - Full Time",
    "description": "Daily cleaning and maintenance of 5000 sq ft office space. Morning shift 6 AM - 2 PM.",
    "category": "cleaning",
    "employerEmail": "hr@techsolutions.com",
    "location": {
      "address": "Infopark",
      "city": "Kochi",
      "state": "Kerala",
      "pincode": "682042",
      "coordinates": [76.3464, 10.0164]
    },
    "salary": {
      "amount": 15000,
      "type": "monthly"
    },
    "jobType": "full-time",
    "duration": { "value": 12, "unit": "months" },
    "skills": ["Cleaning", "Floor Maintenance", "Restroom Cleaning"],
    "requirements": {
      "experience": 2
    },
    "status": "open",
    "startDate": "2026-02-01",
    "urgency": "medium"
  },
  {
    "title": "Gardener & Landscaper",
    "description": "Maintain gardens and landscaping for residential complex. Planting, watering, trimming, and lawn care.",
    "category": "landscaping",
    "employerEmail": "info@greenhomes.com",
    "location": {
      "address": "Panampilly Nagar",
      "city": "Kochi",
      "state": "Kerala",
      "pincode": "682036",
      "coordinates": [76.2974, 9.9674]
    },
    "salary": {
      "amount": 18000,
      "type": "monthly"
    },
    "jobType": "full-time",
    "duration": { "value": 12, "unit": "months" },
    "skills": ["Gardening", "Landscaping", "Plant Care", "Lawn Maintenance"],
    "requirements": {
      "experience": 3
    },
    "status": "open",
    "startDate": "2026-02-15",
    "urgency": "low"
  },
  {
    "title": "Security Guard - Night Shift",
    "description": "Night security guard for residential complex. 8 PM - 8 AM shift. Previous security experience required.",
    "category": "other",
    "employerEmail": "info@greenhomes.com",
    "location": {
      "address": "Vytilla",
      "city": "Kochi",
      "state": "Kerala",
      "pincode": "682019",
      "coordinates": [76.3251, 9.9658]
    },
    "salary": {
      "amount": 20000,
      "type": "monthly"
    },
    "jobType": "full-time",
    "duration": { "value": 12, "unit": "months" },
    "skills": ["Security", "Surveillance", "First Aid"],
    "requirements": {
      "experience": 2
    },
    "status": "open",
    "startDate": "2026-02-05",
    "urgency": "high"
  },
  {
    "title": "Mall Security Supervisor",
    "description": "Lead security team of 15 guards for large shopping mall. Ex-military or police background preferred.",
    "category": "other",
    "employerEmail": "facilities@citymall.com",
    "location": {
      "address": "Kowdiar",
      "city": "Thiruvananthapuram",
      "state": "Kerala",
      "pincode": "695003",
      "coordinates": [76.9875, 8.5241]
    },
    "salary": {
      "amount": 35000,
      "type": "monthly"
    },
    "jobType": "full-time",
    "duration": { "value": 12, "unit": "months" },
    "skills": ["Security Management", "CCTV Monitoring", "Emergency Response", "Team Leadership"],
    "requirements": {
      "experience": 8
    },
    "status": "open",
    "startDate": "2026-02-20",
    "urgency": "high"
  },
  {
    "title": "Auto Mechanic - Two Wheeler",
    "description": "Service and repair two-wheelers for company fleet of 50+ bikes. Routine maintenance and troubleshooting.",
    "category": "other",
    "employerEmail": "facilities@citymall.com",
    "location": {
      "address": "Pattom",
      "city": "Thiruvananthapuram",
      "state": "Kerala",
      "pincode": "695004",
      "coordinates": [76.9853, 8.5141]
    },
    "salary": {
      "amount": 25000,
      "type": "monthly"
    },
    "jobType": "full-time",
    "duration": { "value": 12, "unit": "months" },
    "skills": ["Two Wheeler Repair", "Engine Work", "Electrical Systems"],
    "requirements": {
      "experience": 4
    },
    "status": "open",
    "startDate": "2026-02-10",
    "urgency": "medium"
  },
  {
    "title": "Heavy Vehicle Driver with License",
    "description": "Drive heavy goods vehicle for construction material transport. Valid heavy vehicle license mandatory.",
    "category": "other",
    "employerEmail": "info@greenhomes.com",
    "location": {
      "address": "Edappally",
      "city": "Kochi",
      "state": "Kerala",
      "pincode": "682024",
      "coordinates": [76.3078, 10.0250]
    },
    "salary": {
      "amount": 30000,
      "type": "monthly"
    },
    "jobType": "full-time",
    "duration": { "value": 12, "unit": "months" },
    "skills": ["Heavy Vehicle Driving", "Route Planning", "Vehicle Maintenance"],
    "requirements": {
      "experience": 5,
      "certifications": ["Heavy Vehicle License"]
    },
    "status": "open",
    "startDate": "2026-02-15",
    "urgency": "high"
  },
  {
    "title": "Office Driver - Full Time",
    "description": "Drive company car for office staff transportation. Light vehicle license required. Good knowledge of Kochi routes.",
    "category": "other",
    "employerEmail": "hr@techsolutions.com",
    "location": {
      "address": "Infopark",
      "city": "Kochi",
      "state": "Kerala",
      "pincode": "682042",
      "coordinates": [76.3464, 10.0164]
    },
    "salary": {
      "amount": 22000,
      "type": "monthly"
    },
    "jobType": "full-time",
    "duration": { "value": 12, "unit": "months" },
    "skills": ["Light Vehicle Driving", "Route Knowledge", "Professional Conduct"],
    "requirements": {
      "experience": 3,
      "certifications": ["Light Vehicle License"]
    },
    "status": "open",
    "startDate": "2026-02-05",
    "urgency": "medium"
  },
  {
    "title": "Data Entry Operator",
    "description": "Enter construction project data into computer systems. Basic computer skills and typing speed 30+ WPM required.",
    "category": "other",
    "employerEmail": "info@greenhomes.com",
    "location": {
      "address": "Kakkanad",
      "city": "Kochi",
      "state": "Kerala",
      "pincode": "682030",
      "coordinates": [76.3417, 10.0104]
    },
    "salary": {
      "amount": 18000,
      "type": "monthly"
    },
    "jobType": "full-time",
    "duration": { "value": 6, "unit": "months" },
    "skills": ["Data Entry", "MS Office", "Typing"],
    "requirements": {
      "experience": 1
    },
    "status": "open",
    "startDate": "2026-02-10",
    "urgency": "low"
  },
  {
    "title": "Site Helper - Construction",
    "description": "General helper for construction site. Assist masons, carpenters, and other skilled workers. Physical fitness required.",
    "category": "construction",
    "employerEmail": "info@greenhomes.com",
    "location": {
      "address": "Palarivattom",
      "city": "Kochi",
      "state": "Kerala",
      "pincode": "682025",
      "coordinates": [76.3050, 9.9981]
    },
    "salary": {
      "amount": 600,
      "type": "daily"
    },
    "jobType": "contract",
    "duration": { "value": 6, "unit": "months" },
    "skills": ["Physical Fitness", "Helper Work", "Material Handling"],
    "requirements": {
      "experience": 0
    },
    "status": "open",
    "startDate": "2026-02-01",
    "urgency": "high"
  },
  {
    "title": "Refrigeration Technician",
    "description": "Repair and maintain commercial refrigeration units for mall food court. Knowledge of compressors and cooling systems.",
    "category": "electrical",
    "employerEmail": "facilities@citymall.com",
    "location": {
      "address": "Kowdiar",
      "city": "Thiruvananthapuram",
      "state": "Kerala",
      "pincode": "695003",
      "coordinates": [76.9875, 8.5241]
    },
    "salary": {
      "amount": 28000,
      "type": "monthly"
    },
    "jobType": "full-time",
    "duration": { "value": 12, "unit": "months" },
    "skills": ["Refrigeration", "Compressor Repair", "Cooling Systems", "Gas Filling"],
    "requirements": {
      "experience": 5
    },
    "status": "open",
    "startDate": "2026-02-15",
    "urgency": "medium"
  },
  {
    "title": "Lift Technician - Maintenance",
    "description": "Regular maintenance and emergency repair of 8 passenger elevators in commercial building.",
    "category": "electrical",
    "employerEmail": "facilities@citymall.com",
    "location": {
      "address": "Kesavadasapuram",
      "city": "Thiruvananthapuram",
      "state": "Kerala",
      "pincode": "695004",
      "coordinates": [76.9756, 8.5186]
    },
    "salary": {
      "amount": 38000,
      "type": "monthly"
    },
    "jobType": "full-time",
    "duration": { "value": 12, "unit": "months" },
    "skills": ["Lift Maintenance", "Electrical Systems", "Safety Procedures", "Troubleshooting"],
    "requirements": {
      "experience": 6,
      "certifications": ["Lift Technician Certificate"]
    },
    "status": "open",
    "startDate": "2026-02-20",
    "urgency": "high"
  }
]
